{"cameraMode":{"drawMode":0,"name":"Shaded","section":"Shading Mode"},"sceneLighting":true,"audioPlay":false,"sceneViewState":{"m_AlwaysRefresh":false,"showFog":true,"showSkybox":true,"showFlares":true,"showImageEffects":true,"showParticleSystems":true,"showVisualEffectGraphs":true,"m_FxEnabled":true},"in2DMode":false,"pivot":{"x":2.676285743713379,"y":-4.71004581451416,"z":15.25404167175293},"rotation":{"x":-0.14492890238761903,"y":-0.028205007314682008,"z":0.004129346925765276,"w":-0.9890356659889221},"size":11.168612480163575,"orthographic":false}